{"cameraMode":{"drawMode":0,"name":"Shaded","section":"Shading Mode"},"sceneLighting":true,"audioPlay":false,"sceneViewState":{"m_AlwaysRefresh":false,"showFog":true,"showSkybox":false,"showFlares":true,"showImageEffects":true,"showParticleSystems":true,"showVisualEffectGraphs":true,"m_FxEnabled":true},"in2DMode":false,"pivot":{"x":-0.05062076449394226,"y":0.2903918921947479,"z":-0.03261173889040947},"rotation":{"x":-0.38718336820602419,"y":0.030967362225055696,"z":-0.013013887219130993,"w":-0.9213957786560059},"size":0.02298303134739399,"orthographic":false}