{"cameraMode":{"drawMode":0,"name":"Shaded","section":"Shading Mode"},"sceneLighting":false,"audioPlay":false,"sceneViewState":{"m_AlwaysRefresh":false,"showFog":true,"showSkybox":false,"showFlares":true,"showImageEffects":true,"showParticleSystems":true,"showVisualEffectGraphs":true,"m_FxEnabled":true},"in2DMode":false,"pivot":{"x":-0.05062073469161987,"y":0.29039186239242556,"z":-0.032611727714538577},"rotation":{"x":-0.14863863587379456,"y":-0.46898457407951357,"z":0.0804121121764183,"w":-0.8668938875198364},"size":1.2124356031417847,"orthographic":false}