{"cameraMode":{"drawMode":0,"name":"Shaded","section":"Shading Mode"},"sceneLighting":true,"audioPlay":false,"sceneViewState":{"m_AlwaysRefresh":false,"showFog":true,"showSkybox":false,"showFlares":true,"showImageEffects":true,"showParticleSystems":true,"showVisualEffectGraphs":true,"m_FxEnabled":true},"in2DMode":false,"pivot":{"x":-0.05062076449394226,"y":0.2903918921947479,"z":-0.03261173889040947},"rotation":{"x":-0.24222038686275483,"y":-0.1111910417675972,"z":0.027953747659921647,"w":-0.9634289741516113},"size":0.02298303134739399,"orthographic":false}